3.962,3.677,2.477,2.838,3.631,2.365,4.951,3.316
6.917,4.42,3.194,5.934,5.483,5.223,2.469,5.592,7.367,3.903,4.643,2.763,4.434,4.379,5.474,3.845,5.161,4.979,2.094,2.941,4.293
4.598,2.194,2.944,3.229,4.015,4.195,1.771,3.738,2.233,4.08
3.524,3.328,3.299,3.934,2.774,2.83,4.141,4.053
3.002,2.804,4.396,2.025,2.77,3.086
4.798,3.594,3.573,3.144,5.361,4.066,3.398,3.188
4.453,6.262,3.309,5.38,3.415,4.624,4.633,4.409,4.599,2.859,3.73,5.552,4.474,4.942,5.433,4.891,5.719,5.85,3.197,3.608
1.689,2.141,2.197
2.707,3.223,2.05,2.008,2.764,2.585,2.449,3.752,3.215
3.429,2.973,4.461,2.14,3.18,3.208,2.346,3.435,3.1,3.063
3.522,4.935,3.786,3.901,3.396,4.439,2.15,2.701,3.864,3.057,2.435,3.644
4.072,4.817,4.412,4.372,3.556,3.341,2.777,5.268,4.481,3.967,5.029,5.354,4.072,5.596,3.339,3.319,3.846
3.402,3.381,2.36,3.545,3.1
5.378,6.464,7.088,6.327,5.406,7.497,8.945,6.201,4.593,4.946,7.939,6.094,3.826,9.353,5.933,7.936,6.52,5.624,5.349,9.314,6.816,9.463,4.669,5.11,7.184,11.169,5.758,11.183,7.332,4.763,5.526,6.532,4.699
4.404,7.611,3.174,3.644,4.683,3.645,2.757,4.354,4.905,5.328,7.231,2.422,3.905,2.739,3.732,4.172,5.68,5.295,5.425
2.734,3.925,2.524,2.843,3.786,3.417,2.56,2.729,2.709,3.055,3.099
4.72,4.025,3.852,4.378,3.96,3.687,3.421,3.807,3.907,3.911,6.987,4.431,3.858,4.339,4.023,4.316,8.448,3.395,2.363,3.714
3.961,4.237,3.102,3.789,2.827,4.08,3.584,2.952
2.726,5.13,3.436,3.496,2.398,2.976,4.762,2.863,5.01,4.321,6.226,5.106,4.707,3.355
3.382,4.045,3.777,3.006,3.02,5.515,4.557,3.87,2.592
3.494,2.405,3.013,4.902,3.693,3.114,3.088,3.924,3.721,4.682,2.744
3.748,3.527,4.117,4.47,4.154,4.107,4.617,4.127,4.401,4.013,6.445,3.359,4.443,4.549,3.919,5.255,5.395,2.925,3.908
2.418,2.957,2.754,2.719
2.548,3.467,4.574,3.673,4.835,5.536,3.179,4.541,2.415,4.242,2.656
2.469,2.505,3.508,1.857,2.543,1.592
3.879,3.167,2.984,3.151,2.698,5.825,4.88,4.594,4.788,3.741,4.181,3.221,6.182
4.596,3.562,6.132,6.111,4.608,6.545,5.384,4.34,5.091,6.258,3.908,5.851,5.821,5.14,3.619,2.926,4.972,5.051,4.472,4.945,3.601,6.043,4.44,5.527
4.251,3.494,4.262,3.324,4.644,2.47,3.575,3.389,3.019
6.682,6.364,4.461,6.551,3.479,6.652,4.17,10.076,4.177,4.891,6.181,5.353,6.855,4.054,8.834,5.747,8.218,6.035,4.245,4.102,8.187,5.311,5.126,4.708,4.764
3.219
4.935,5.54,3.866,4.109,2.374,5.812,3.802,4.336,5.216,2.919,3.597,4.425,5.314,4.254,4.647,4.024,2.885,3.665,5.163
4.479,2.797,2.914,2.988,3.313,3.792,3.902,2.934
3.934,2.508,2.109,4.521,2.512,3.163,4.05,3.8
4.399,2.787,2.804,3.894,3.668
3.195,4.392,3.168,3.235,4.177,2.666,3.274,3.923
3.527,4.83,3.594,3.538,2.785,3.717,5.45,3.657,2.57,3.262,2.943,3.017,3.13,3.321
2.222,2.771,4.562,5.768,4.132,3.61,3.586,3.185,3.546,4.776,3.612
2.18,3.304,2.694
2.427,2.805,6.166,3.744,3.525,2.346,3.533,3.739
3.662,2.753,3.715,3.891,5.363,4.075,3.608,3.491,3.771
3.847,3.817,2.38,3.315,3.125
4.618,4.598,4.345,6.507,2.884,3.053,2.605,2.599,3.235,2.902,3.4,4.633,2.803
4.432,3.373,4.631,3.849,3.314,5.377,3.15,2.902,4.078
2.746,2.79,4.991,5.347,4.567,3.666,4.166,3.086,3.479,4.15,4.49,3.914,2.533
2.999,2.872,2.716,1.84,3.458
5.287,4.804,4.805,3.26,5.509,6.132,3.909,5.635,3.93,4.551,4.646,4.339,5.006,3.804,3.351,4.481,3.646,2.801,2.786
2.464,2.62,3.036,2.974,4.111
3.783,3.46,2.549,2.744,3.008,3.215,2.191,3.923,4.67,2.479
3.731,3.463,2.731,2.149,5.429,4.452,4.732,3.112,5.413,3.198,2.341
4.183,4.929,4.177,3.649,4.821,4.881,7.173,5.724,5.326,6.698,5.038,3.44,5.967,2.706,6.063,4.849,4.621,5.504,3.976,5.854
4.145,7.524,2.056,3.543,5.731,6.361,4.004,3.469,5.19,2.589,3.351,4.865,4.952,3.815,3.4,5.617,3.168,5.004
2.213,2.235,2.585,3.139,3.07,3.163,3.567,3.702
2.462,3.286,3.217,2.091,3.853
2.756,3.094,3.36,2.677,3.535,3.848
4.162,2.535,5.083,3.617,2.217,4.481,2.817,2.666,4.741,3.3,2.563,3.003
3.679,2.481,3.479,3.841,4.821,4.059,4.332,4.548,2.461,3.078,4.904,3.73,4.04
3.215,3.301,3.752,3.701,4.355,3.092,3.028,2.8
3.492,2.856,2.496,3.269,3.71,3.808,2.528,3.149,4.459,2.337,3.699
3.109,2.894,3.082,3.081,2.292,3.918,3.959,2.992,2.764,5.813,3.956
3.34,3.309,3.579,4.017,3.56,3.774,2.261,3.326,3.795,4.349,2.507,4.714,3.601
2.585,3.459,3.224,4.202,3.938,5.205,4.151,2.268,2.727
2.985,3.022,3.547,2.79,4.317,3.956,2.974,3.275,3.885,3.148
5.453,3.482,6.625,6.005,5.248,5.688,5.931,4.751,6.485,3.071,3.74,8.007,6.447,6.518,5.287,6.655,7.805,3.523,8.809,7.35,7.397,3.29,7.052,5.615,4.74,4.362,7.614
4.477,4.079,4.356,4.118,5.985,3.232,3.636,4.59,3.436,3.927,5.955,4.271,8.306,5.631,3.011,7.129,5.302,2.97,5.398,3.924
3.764,4.984,3.782,3.967,3.183,4.42,4.894,4.034,4.248,5.561,2.891,2.746
2.21,2.781,4.737,4.034,5.345,2.775,3.865,5.412,3.507,4.155,2.844,4.139
2.742,4.847,3.998,3.16,3.043,3.868,2.747,3.724,3.13,3.929,2.77,4.565
5.058,3.527,4.744,8.239,4.05,4.226,5.509,7.086,5.807,6.581,3.443,6.264,4.965,4.116,3.991,5.794,6.824,6.182,3.906
3.33,1.683,3.459,3.439,3.195,2.94,2.237
5.757,4.528,4.802,4.573,6.028,5.363,4.309,3.771,4.54,5.251,3.502,4.612,5.724,5.277,4.963,4.119,4.708,5.152,3.02
3.888,3.88,3.188,3.938,3.981,4.564,4.233,2.22,5.82,2.521
6.016,4.245,5.548,4.541,5.129,5.756,6.4,4.312,6.611,5.189,4.438,5.426,3.13,4.314,7.082,9.165,4.841,5.615,4.476,6.858,4.083,6.854,5.785,4.375
6.08,6.625,5.701,4.444,5.26,3.213,3.843,4.994,7.038,4.36,5.571,6.033,4.894,9.245,6.959,3.884,4.595,4.133,6.411,4.198,6.45,4.22,4.681,5.955,6.386,5.384
4.708,3.082,3.843,3.947,4.105,3.045,4.052,4.011,2.765,4.393,2.115,3.61,4.368,3.893,4.608
2.616,5.281,2.569,3.036,3.365,3.514,4.096
5.841,6.398,5.449,3.842,4.905,7.169,6.013,6.278,4.893,5.175,5.395,4.642,3.897,5.903,4.287,3.92,4.902,4.582,5.176,4.724,7.386,6.075,7.003,5.485
3.893,3.148,3.488,2.343,2.527
3.565,2.643
2.684,2.952,2.261,4.013
2.849,2.483,3.444,4.89
2.386,4.174,3.581,4.505,3.401,2.772,2.559
4.188,4.778,5.413,3.987,4.72,2.722,5.911,6.148,6.187,5.168,4.666,3.847,3.773,3.071,4.503,6.278,3.599,4.661,3.819
3.324,2.612,4.225,3.412,4.553,3.261,3.665,4.248,2.398
4.205,3.186,4.509,3.3,5.39,3.435,4.598,3.472,4.314,3.671,2.955,3.157,3.327,3.345,3.899,3.283,3.959,8.158,4.255
3.155,2.653,2.657,3.093,3.144,2.623
3.0,3.567,2.653,2.606,3.834,3.793,4.105,3.159,2.836
3.874,1.917,3.108,4.67,3.65,2.547,3.018,2.632
5.909,5.06,6.05,6.872,5.462,5.867,7.284,6.869,6.754,4.549,6.978,4.882,6.214,5.846,4.514,3.173,6.277,7.357,5.371,4.427,5.103,8.043,6.46,4.6,3.608
3.048,4.996,2.866,2.498,3.93,3.785,2.215,4.405
3.177,2.704,2.006,3.01,3.569
2.119,3.573,2.912,2.419,3.328,3.524,3.01,3.182,3.501
3.958,3.026,2.918,4.312,1.967,3.118,4.685,3.183,2.401,6.138,3.296,3.554,4.186
3.711,2.12,2.826,1.748,2.677
3.448,3.895,3.169
3.492,3.239,4.665,3.05,3.696,4.447,4.082,2.271
3.662,2.717,2.266,4.142,2.49,2.561,3.448,2.317,4.542,2.924,4.972,4.01
3.727,2.994,2.907
3.058,4.36,3.883,2.152,3.036,2.619
2.178,3.808,2.972,3.139,2.706,4.177,4.401,3.455,2.894,4.982,4.395,2.942,4.132,4.977,5.058
3.203,3.269,3.932,2.551,2.928,3.935,4.358,2.578,3.612
3.517,2.968,4.804,3.231,3.949,4.206,4.337,3.493,4.351,4.771,8.446,4.612
4.431,3.218,4.468,4.051,3.48,3.498,5.044,3.87,3.997,2.541,4.329,2.776,2.737
4.224,6.198,4.312,5.533,3.335,2.473,4.776,2.439,5.581,5.098,4.362,3.88,3.718,3.194,5.065,2.591,5.702
3.521,4.028,3.766,3.917,2.511,3.346,2.154,3.51,3.003
3.866,2.815,1.986,3.335
3.683,2.422,2.715,2.93,3.153,3.563,3.493
3.78,4.576,4.171,4.855,4.231,3.303,5.307,5.46,5.788,4.817,3.919,4.635,4.373,4.396,3.602,3.657,3.922,4.386,4.055
2.829,2.158
3.39,2.599,4.166,2.931,2.906,3.388,2.464
3.456,2.658,5.57,3.65,3.17,4.203,3.816,3.59,3.197,5.307,4.065,2.492,7.655,6.255,3.396,2.652
2.214,3.24,3.385,2.365,2.982,2.624,4.029
5.188,4.818,3.779,6.569,4.427,4.921,3.634,6.814,5.28,7.556,3.133,8.269,3.378,4.953,5.973,5.153,3.505,5.26,5.525,5.067,5.51,4.172,4.819
4.661,2.67,4.788,4.237,4.239,4.205,1.786,2.995,1.735,3.555
6.626,3.873,5.928,5.551,4.26,4.871,3.612,3.824,5.036,5.37,3.937,5.065,3.334,4.658,5.786,3.365,7.29,4.383,3.509,5.047,5.396
2.272,2.242,5.148,4.006,2.873,3.049,4.487,3.476,3.126,4.653,4.79,3.467
4.013,4.083,2.291,3.248,3.224
4.277,2.933,4.602,3.494,4.838,5.14,2.643,3.136,4.385,3.618,2.86,3.492,3.33
3.171,5.207,5.013,4.828,5.11,3.351,3.5,3.586,4.096,4.833,3.638,4.687,3.799,3.472,5.145
2.378,3.936,3.811,3.239,3.849
4.825,3.372,4.437,3.142,4.026,5.156,2.731,3.207,2.888,4.113,3.448,4.06,4.14,4.872,3.728,3.066,4.997,5.217
6.319,5.168,3.686,6.333,6.383,8.41,3.321,3.198,4.063,4.456,3.828,6.78,6.983,4.383,5.75,7.737,4.607,4.333,7.785,5.597,4.415,4.058,6.586,7.05
4.33,3.217,3.631,3.95,2.615,4.908,3.788,1.941,3.534,3.885,4.945,2.381
3.888,4.539,3.812,2.698,2.763,2.687,4.701,3.632
3.862,3.106,2.865,3.907,4.736,3.17,4.264,3.923,2.672,2.476,4.866
3.483,4.014,2.993,3.208,3.368,3.637
2.725,3.528,4.132,3.606,5.174,3.795,3.385,2.774,2.126
3.469,3.025,4.488,3.074,3.998,2.89,3.655,4.212,3.52,2.467
4.207,3.33,2.314,3.674,5.356,1.843,4.359,4.819,3.159,4.672,3.911,2.529,4.621,4.669,3.083
3.051,3.524,3.81,2.967,2.594,2.795,3.773,3.084,2.304,5.26,5.363
3.535,2.375,3.342,3.198,1.903,4.515,3.993,5.244
3.415,2.772,4.194,2.83,3.047,4.002,3.802,3.457
2.235,4.537,4.274,3.166,3.084,2.386,4.109
2.199,2.108,2.222
5.016,3.663,5.004,5.567,4.837,3.047,3.389,3.867,4.35,3.149,6.742,4.179,5.695,7.503,4.143,3.836,7.177,3.545,5.36,4.543,4.943,6.521,7.817
4.06,3.79,4.241,3.5,6.076,2.904,3.186,4.286,4.474,4.315,3.994,3.745,4.422,3.857
2.634,3.01,3.322,2.394
3.849,4.106,3.527,4.35,2.873,2.519,3.507,3.634,4.071,3.473,5.207,3.907,4.312,3.703
3.017,3.308,2.784,3.929,3.35,3.79,4.284,2.943
4.47,4.715,2.525,2.816,2.533,3.822,1.755,2.746,2.865,3.556,4.277
3.958,2.126,2.724,2.644,4.335,3.954,2.079
2.686,3.761,2.746
8.953,5.094,6.653,8.513,6.334,5.046,6.947,7.228,4.638,5.941,7.601,5.491,5.591,8.575,7.698,5.997,9.596,7.888,9.755,6.477,9.065,6.25,6.085,4.284,6.961,7.771,5.881,7.603,10.804,7.156,7.342,7.874,9.599,7.729,7.055
3.648,3.402,2.162,3.766,4.818,4.679,5.21,2.908,4.256,3.586,5.266,4.725,4.244,4.514,3.224,2.533,3.228
3.723,7.05,6.853,4.218,3.537,5.053,4.729,3.658,4.184,6.12,4.814,4.52,4.445,4.117,5.722,6.28,4.173,4.667,5.232,8.232,5.999,6.722,3.544
3.932,3.092,2.097,2.749,3.439,1.61
3.67,2.518,2.407,3.564,3.794,4.444,3.628,3.131,3.068,2.775,2.866
3.068,3.346,3.668,2.804,2.51,4.456,3.052,2.926,4.125,3.334,2.857,3.119
5.817,5.043,4.843,4.417,4.491,4.13,3.584,5.066,3.101,6.967,3.756,3.069,3.431,3.796,4.479,7.001,3.439,4.112,3.565
3.735,3.433,3.014,3.7,3.364,3.157,2.996,3.213,1.86,3.086,5.576
2.7,2.718,3.08,3.739,3.516,4.055,2.471,4.348,2.686,4.758,4.482,4.613,2.534
2.686,2.929,4.541,2.729,2.263,3.266,4.155,2.428,3.86,3.511
3.096,3.684,4.022,4.611,3.809,3.743,4.964,2.328,5.81,4.31,4.245,4.664,3.381,3.93,4.493
2.521,5.592,2.864,3.54,2.443,1.86,3.093,3.881,3.123,1.72
4.702,3.558,3.549,3.392,2.718,4.507,2.358,3.512,2.899,4.172
3.636,4.319,3.521,1.649,2.344,3.163,2.714,3.933,2.211,3.017
3.766,3.301,4.111,4.358,3.678,3.745,2.917,3.895,2.802,4.189,2.464,4.25
2.568,1.655
3.299,4.878,5.079,3.893,2.67,3.929,3.942,3.058,4.801,4.092,4.492,5.871,5.022,2.984,4.55,3.604,4.469,4.509,4.732,4.164
6.072,4.492,4.678,2.594,6.207,2.691,4.228,3.476,5.231,2.505,3.02,4.686,4.722,3.287,4.028,4.041,3.058,6.715
4.347,2.589,2.957,3.262,2.893,3.676,3.773,3.593,3.124,3.144,3.423
3.816,2.944,2.908,2.667
6.466,9.339,13.789,7.025,9.574,9.403,6.836,11.986,7.182,5.953,6.891,7.504,5.218,8.236,9.91,8.969,12.526,8.729,5.237,13.565,6.504,6.929,8.074,7.685,9.667,6.559,5.922,9.382,11.593,7.775,8.013,4.33,7.308,8.455,5.362,7.036
3.631,3.384,2.063,3.564,2.309,2.903
3.959,3.943,3.73,2.253,5.135,4.823,5.182,3.195,3.477,4.847,4.722,5.165,3.67,3.201,4.707,4.754,4.81,3.66,4.214
4.896,2.296
6.267,3.928,5.537,2.747,4.733,3.651,3.998,4.818,3.38,3.256,3.114,4.729,3.971,3.701,2.246
3.525,2.702,4.755,2.822,3.053,3.227
2.882,3.323,5.066,4.022,3.558,1.91,2.801,4.749,7.112
2.694,3.378,2.822,2.017,2.503,3.313,5.353,3.854,2.866
3.228,3.035,3.935,3.966,3.716,2.323,3.652,3.658,5.743,3.954
4.736,4.431,4.607,4.077,6.406,3.391,4.68,4.602,6.734,5.247,3.355,4.928,4.348,4.584,3.708,3.776
4.066,3.553,4.337,3.216,3.406,4.208,5.421,2.359,4.704,4.083,3.688,3.399,4.316,4.233,4.741,4.082
3.083,3.829,3.641,3.612,3.511,4.174,3.396,4.122,2.577
4.158,4.124,6.907,4.691,7.083,7.297,5.515,6.651,7.421,9.491,7.397,12.537,7.073,7.644,6.871,10.016,9.782,4.634,7.812,5.845,6.557,6.693,5.703,7.137,8.579,5.512,6.722,6.965,6.064,6.822,6.708,6.078
2.135,2.82,4.168,6.864,3.397,3.278,3.449,2.787,2.247,3.129
3.076,2.343,2.945,4.234,3.035,3.819,2.517
4.407,3.485,5.314,3.437,3.496,2.861,7.67,5.322,3.567,4.67,6.086,4.2,2.825,5.487,3.963
3.252
2.761,3.46,2.896,2.462,3.73,4.356,3.941,3.62,4.497,4.553,3.976,3.045
3.433,4.15,1.423,2.787,2.559,4.602,2.523
3.94,1.856,4.404,4.482,3.991,6.276,4.388,5.13,5.986,3.996,4.969,4.488,2.55,3.043,3.51,4.131,5.546,5.552
3.207,4.122,3.014,3.022,3.621,5.475,3.515,4.452,5.065,3.532,4.501,3.639,3.676,2.889,4.585
2.87,3.522,3.77,3.082,3.267,3.307,3.668,4.377,1.966,2.417,4.087,4.38
4.166,6.005,4.041,3.781,3.224,2.272,4.183,3.362,4.291,4.679,3.472,3.817,4.517,3.038,3.505
6.617,5.828,8.025,8.289,4.605,7.161,5.918,4.233,7.976,7.511,5.285,9.036,6.393,7.601,5.699,7.964,3.579,8.555,8.173,9.014,4.929,7.33,13.747,6.919,12.596,7.207,6.94,6.277,7.395,4.346,5.171
4.233,4.449,5.037,5.125,3.777,5.62,5.28,3.694,5.763,3.733,5.819,3.5,5.509,3.381,5.748,5.042,5.412,5.001,4.708
5.303,3.116,3.023,3.65,2.238,2.668,3.351,3.499,2.894
3.481,4.399,3.876,4.877,5.38,2.694,3.858,4.248,2.266
1.532,3.45
3.71,2.335,2.817,3.292,2.47,3.06
3.006
4.652,6.509,6.398,3.026,3.468,4.401,3.023,4.046,5.283,3.488,5.108,5.255,6.576,5.335,5.091,3.482,5.083,4.706,3.711,4.722,3.769
3.847,2.354,3.618,3.411,2.54,4.594,3.63,5.219,5.06,5.719,4.401,2.982,3.436,2.632,4.907
3.75,3.136,4.673,3.895,3.316,3.654,2.599,4.486,4.054,2.785,3.556,3.272,3.832
3.129,3.172,2.974,4.316,2.933,2.755,2.751,2.98
4.484,3.314,3.417,4.659,2.972,3.337,4.666,3.899,2.966,3.185,3.394
3.034,2.935,4.413,3.57,3.73,3.169,5.166,2.345,3.309,3.885,4.231,4.159,3.128
3.928,3.043,3.2,4.189,2.988,5.292,4.602,3.563,6.482,4.136,4.715,4.878,5.172,4.383,4.533,3.395
3.387,3.453,3.411,2.229,2.742,3.076,2.511,2.361
2.846,3.121,2.822,3.528,2.391,3.042,3.968,2.555
3.569,3.847,5.918,2.503,2.514,3.315,4.376,4.663,6.386,3.488,5.841,3.838,3.791,4.701,5.082,3.226,2.708
2.595,2.469,4.073,4.296,4.293,4.875,4.193,3.748,2.569,3.558,3.577,4.103,6.045,3.634,5.223
2.375,3.47,2.7,2.271,3.731
2.669,5.25,3.658,3.983,2.349,5.09,7.278,3.819,3.699,3.436,4.339,3.79,3.695,4.642
3.099,2.382,4.468,4.978,3.583,4.253,3.675,4.428,3.645,5.0,3.466,3.024,3.063,3.358,3.727,3.405,4.841
3.402,3.364,4.231,3.999,3.319,4.141,3.886,3.188,4.037,3.852,2.422,4.829,3.263,4.25,4.562,3.922,3.255
2.735,4.286,2.853,6.442,3.084,3.408,2.266,3.085,2.525,2.393,3.831,2.937,6.473,3.856
3.542,6.21,3.099,3.908,4.027,4.48,2.766,3.323,2.765,4.232,3.352,5.291,3.825,3.365,2.319
2.4,2.345,2.944,2.814,3.62,3.052,4.017,3.376
2.413,3.838,2.846
5.857,3.96,3.716,4.795,3.967,5.396,5.964,4.293,2.785,5.158,4.327,5.013,5.028,3.56,3.348,2.885,3.546,6.254,4.109,3.113
4.193,3.186,3.383,3.665,2.38,5.472,3.279,3.658,2.143,2.818
2.855,3.217,3.672
4.333,3.08,3.383,3.301,4.469,3.459,3.651,2.972,2.063,3.878
2.784,2.239,3.351,5.653,3.09,4.108,2.615,3.029,2.528,4.468
7.328,4.502,6.797,4.013,3.967,3.6,4.671,3.823,6.069,5.538,4.669,3.889,3.822,4.877,3.416,3.727,4.626,4.393,4.123,3.348,3.188,6.974
3.082,2.989,3.233,2.997,3.372,3.417,2.571,2.609
2.678,5.484,3.327,4.009,2.187,3.647,2.975,4.547,4.003,3.972
4.348,2.974,4.336,4.539,2.611,3.442,4.634,2.58,4.557,2.873,3.182,3.903,4.547
2.549,2.914,3.615,3.184,2.882,3.484,2.915
3.354,2.8,4.203,3.713,4.941,7.504,4.572,4.601,3.362,3.378,5.948,3.944,2.399,4.18,2.815,4.851,4.165,4.908
3.254,3.449,2.386,4.18,3.173
4.101,4.499,4.435,4.897,2.392,5.934,3.961,3.173,4.17,2.375
3.424,2.981,1.731,2.84
4.091,4.541,4.053,2.901,3.259,2.972,3.927,2.555,2.569,3.943,2.732,2.866
4.128,3.6,5.087,4.438,2.674,5.269,3.136,4.887,3.67,5.505,2.609,4.371,4.538,4.549,2.563,5.414
3.749,3.458,4.771,3.702,4.193,3.89,3.954,3.101
5.275,2.799,3.363,3.69,3.755,4.703,4.225,3.363,4.753,4.533,2.509,6.466
3.828,3.233,3.228,2.452,4.318,2.437,4.084,5.192,4.794,5.047,5.352,3.455,3.492,3.182
2.89,2.333,3.57,3.992,3.191,2.468,2.811,2.221
3.997,4.294,4.502,3.213,3.365,3.216,3.414,4.136,5.694,3.039,4.772,3.874,3.72,5.568,2.647,4.313
4.918,4.426,2.741,2.889,2.938,2.956,2.604,4.003,2.71
2.977,4.107,4.326,3.359,4.049,4.678,3.565,4.88,2.555,2.94,3.407,3.929,3.208,4.644
4.916,4.199,4.931,5.554,4.627,5.511,5.436,5.116,3.335,6.833,7.049,5.321,4.576,7.419,2.569,4.711,4.409,3.866,5.019,3.755,3.148,8.358,4.329
4.374,4.991,5.728,3.708,4.344,3.152,3.473,5.326,5.675,4.803,3.485,3.134,4.599,3.663,4.673,4.755,4.531,4.656,6.417,5.608
3.715,4.789,3.443,3.956,3.808,2.728,2.852,4.88,3.108,3.534,5.858,4.932,3.174,4.425,4.708,3.851
6.893,2.715,4.147,4.975,4.664,4.147,4.011,2.89,5.14,3.555,3.922,5.639,3.561,3.33,2.592,3.452,4.204,3.506,2.712
4.67,5.961,4.13,3.569,4.336,3.073,5.601,2.987,2.848,3.26,3.244,2.084,3.33,4.748,4.461
4.643,2.96,3.136,2.659,3.266,3.458,3.207
2.679,2.381,2.673
4.062,2.756
4.198,2.88,4.76,2.961,2.881,4.445,2.537,2.879
5.709,3.122,5.487,9.396,5.008,5.229,4.078,5.351,3.994,3.834,4.35,3.62,3.276,5.077,4.161,3.934,2.911,4.848,4.009,3.048,3.305
3.209,4.595,3.803,3.194,2.741,2.753,2.822,3.964,3.374,2.596,5.729,4.601
3.829,3.236,3.619,2.621,4.085
3.563,2.956,4.528,3.929,3.582,4.912,3.765,4.584,3.785,6.76,3.674,6.188,3.987,3.243,3.767,2.472,4.351,4.738,4.378,6.376
3.691,3.175,2.993,3.887,2.159,3.632,2.843,3.098,2.156,2.704
3.229,3.881,3.048
3.601,2.962,3.203,5.344,3.96,2.774,4.132,2.935,4.202,4.461,3.605,3.782,3.778
3.565,5.377,5.458,3.502,4.472,3.406,5.854,4.111,3.714,6.722,5.088,6.685,8.152,4.877,3.94,4.372,5.058,3.418,3.782
2.841,3.826,5.563,3.16,3.597,4.458,5.788,3.016,5.377,5.111,3.889,4.42,3.809,3.509
2.796,2.207,2.916,1.843
4.035,4.248,3.933,2.664,4.007,3.95,2.711,3.575,3.896,4.079,2.038,3.053,3.6
4.04,2.943,3.539,4.154,4.913,3.629,4.535,3.752,3.332,3.62,2.138,2.388,6.275,2.938,3.985,4.721
6.309,4.357,4.654,3.073,5.186,2.909,6.085,3.146,3.292,5.164,4.241,7.979,7.778,3.713,5.872,4.892,5.274,3.498,3.221,3.647,3.71,4.509,4.078
2.659,2.566,2.965,2.688,3.909,2.872,3.826,6.937
2.97,4.245,4.146,5.171,3.588,3.96,2.735,4.58,3.427,4.718,5.051,2.999,3.316,3.563
3.818,3.826,3.569,2.978,4.34,3.828,3.909,4.812,3.761,4.721,3.647,2.699,2.956,4.851
3.86,3.265,4.101,3.085,3.355,2.784,3.17,2.98,2.464
3.996,3.661,5.434,6.094,2.865,8.219,5.044,3.363,4.325,3.068,3.337,4.789,3.11,3.563,3.2,4.676,3.761
2.37,3.853,2.992,4.023,3.375,3.885,4.149,2.875
7.737,5.421,4.399,3.727,2.511,4.047,4.397,4.1,5.166,4.641,3.515,3.936,2.564,4.197,4.382,3.952
3.994,2.611,3.298,2.836
5.201,2.824,2.775,4.076,3.809,3.31,5.875,4.313,5.018,3.925,4.124,3.49,4.257,2.782,6.858,5.114,3.511,3.938
4.217,3.763,5.37,1.83,3.892,3.939,3.397,3.871,3.827,2.532
6.084,6.193,5.986,3.35,2.801,6.807,6.467,3.295,3.209,6.807,3.856,4.088,4.81,3.914,2.638,4.588,4.694,3.582,7.73,6.243,5.889,7.289
2.611,4.692,3.429,4.285,4.687,4.913,2.942,3.601,4.265,3.919,3.109,3.116,4.099,3.198,4.803
3.031,3.234,2.906,3.406,3.794,3.453,3.196,3.385
5.642,4.633,4.889,4.691,4.858,4.379,5.048,4.804,5.215,2.128,3.635,5.633,4.337,3.8,4.751,4.534,3.926
3.982,3.068,4.171,3.352,2.157,4.137,3.603,3.429,4.171,3.015,3.325
3.488,4.026,5.075,4.581,2.807,4.048,3.621,4.62,3.652,2.117,3.671
3.179,2.744,2.712,3.238,3.584,3.298
4.034,2.525,4.751,2.852,1.62,3.615,3.913,2.863,3.195
4.286,4.826,2.664,3.685,6.299,4.106,3.113,5.33,4.591,5.109,4.102,5.189,3.867,6.211,4.051,3.478,3.543,5.039,4.356,3.742,3.806
3.253,3.336,4.179,2.49,5.528,2.311,1.938,5.431,5.374,2.839,2.369,4.531,3.097,5.712,3.419,3.231
2.481,3.283,2.736,3.03,3.711,3.347,2.302,2.379,3.943
3.632,3.671,2.907,3.172,3.124,2.431,4.535,4.373,3.282,3.233,3.547
3.372,3.855,3.843,2.839,3.478,3.296,3.453,3.033,3.83,4.06
8.633,4.847,6.143,6.436,4.964,8.658,8.695,9.817,5.946,9.234,7.796,5.678,6.228,4.739,6.987,5.932,6.225,7.159,5.564,6.684,4.001,12.012,5.506,5.393,6.037,4.9,7.73,4.292,9.795,7.914,3.332
3.999,4.732,3.961,3.146,3.465,4.372,6.223,5.328,5.731,4.342,4.487,4.248,4.349,3.772,5.22,4.853,3.306,5.953
4.425,2.669,4.378,3.095,4.039,3.63,2.504,3.436
4.08,2.767,3.117,1.847,5.094,4.296,4.257,4.5,2.623,4.242,4.798,5.299
3.671
3.43,2.841,3.875,3.723,2.998
2.839,2.463,3.937,3.314,2.804,2.61,3.995,3.766,2.738
2.291,3.764,3.655,3.336,2.957,3.195
3.24,3.63,2.542,2.259,2.698,2.839
2.297,3.9,4.553,2.957,3.295,3.215,3.189,2.22
6.105,2.938,4.969,4.047,3.622,3.15,3.463,3.82,2.72,4.469,5.189,2.496,3.36,3.763,4.368,2.757,5.327,2.863,6.116
4.833,3.034,3.317,2.203,4.747,2.752,3.008,3.826
3.77,3.656,3.232,4.341,2.201,2.241
2.865,3.645,2.508,4.185,3.442
2.966,2.565,3.339,3.347,3.352,2.83,3.107
2.9,2.307,2.463,2.86,1.799,2.577,4.39,3.781,2.624,2.77
4.535,3.438,4.59,3.662,5.629,4.932,4.362,4.26,4.866,4.243,2.619,4.907,4.101,3.346,2.708
2.59,3.561,2.587,2.279,3.553,3.375,3.334
4.391,5.234,2.994,2.861,4.188,3.189,2.51,2.833,4.751,2.877,5.911,3.815
7.759,4.208,3.545,2.21,3.709,3.836,4.308,3.374,2.997,4.147,4.115
3.237,4.932,4.275,2.361,3.807,3.06,2.862,4.061,4.908,4.212,3.843,3.763,4.491
3.329,3.06,2.66,4.581,2.666,4.141,3.894,3.111,3.992,4.262
3.911,4.475,4.263,4.274,4.043,3.921,3.014,5.58,4.605,4.693,3.946,3.572
2.848,4.914,2.255,2.964,3.374,2.287,3.469
2.646,2.504,3.212,2.179,4.886,2.605,2.75
4.292,4.041,2.634,2.027,2.788,4.283,5.198,3.453,2.555,3.465
4.275,6.218,4.73,7.282,5.135,4.544,3.908,3.73,2.912,3.6,2.985,3.495,4.732,4.925,6.268,5.26,4.366,4.95,4.396,5.555,6.343
2.833,3.231,3.5,3.731,3.929,2.447,5.54,4.611,3.961
2.218,2.347,2.966,3.87,2.91,1.975,4.316,4.408
3.817,3.639,4.362,3.7,3.571,2.412,3.605,5.28,4.411,4.388,2.268,5.025,3.779,2.337
4.877,7.769,3.844,2.602,6.381,4.428,3.486,3.595,5.262,3.249,4.288,2.173,3.577,3.646,3.588,4.917,2.661
3.27,3.225,2.99,2.061,5.179,3.351,3.982,4.325,2.45,2.488,2.783,3.787
3.616,2.647,2.823,4.778,2.871
2.73,5.214,2.304,4.991,4.639,5.116,2.779,5.19,4.168,3.663,4.689
3.06,2.137,2.218,2.851,2.772,3.917,4.594
4.684,3.575,3.909,2.851,3.311,3.313,2.88,2.446,3.571,3.113,3.513,4.594,4.09,5.564,3.468,3.283
2.481,2.383,3.513,2.654
3.406,2.036,2.336,2.959
4.309,2.829,3.384,2.798,2.821,2.277,3.592,3.089,3.136,5.224,2.321,4.296
4.255,3.608,4.86,2.868,5.641,3.694,2.902,3.984,3.686,2.973,3.677,3.653
4.401,2.978,3.883,4.334,3.371,3.409,4.132,3.308,3.292,2.337
3.602,4.504,2.676,2.149,5.375,3.809
8.874,4.227,7.977,4.921,8.967,4.852,5.806,5.318,7.966,5.154,5.546,6.136,5.388,5.189,4.366,6.171,6.509,5.334,4.911,4.518,7.45,4.071,8.507,5.337,7.9,4.61,4.692,5.709,5.249
3.034,3.14,3.934,3.323,3.444,3.463,2.983,2.543,4.551,2.54,3.326,3.265
3.895,3.514,5.486,3.68,4.597,3.932,4.012,3.301,4.778,3.556,4.155,4.712,6.186,6.214,3.413,4.24,3.752,4.261
5.499,5.181,4.146,3.787,6.02,4.937,5.304,3.856,3.869,5.292,4.897,4.487,3.129,2.819,4.118,4.35,3.415
3.614,4.503,2.752,3.054,3.88,3.425,3.421,3.208,4.043,1.605,3.525
5.916,5.108,3.549,3.894,3.855,5.37,3.331,3.98,3.751,3.003,4.052,4.228,3.27,2.081
3.35,3.454,2.805,3.292,3.111,2.891,4.565,7.26,3.635,4.47,2.325,3.58,4.053,3.753
2.686,2.055
3.482,2.014,3.627,2.548,2.13,5.639,4.046,2.112
4.572,5.96,2.642,4.265,3.277,3.912,3.953,3.42,4.386,4.743,4.625,6.756,3.899,2.414
3.747,3.359,3.331,3.074,4.452,2.797,3.268,3.083,2.401,2.705,4.141,4.173
3.258,3.821,2.602,2.503,2.737,2.404,4.151,3.549,3.931,4.492
3.028,4.959,4.561,4.997,3.219,4.797,3.269,3.511,4.621,6.171,4.224,2.994,4.971,4.871,4.592,5.309,3.891
4.669,3.313,3.183,2.581,2.594,3.343,6.614,4.317,4.246,3.355,3.013,4.664
3.234,4.756,3.345,2.659,2.811,2.289,3.253,3.738
8.488,7.653,5.642,5.756,3.654,5.164,3.632,6.222,4.042,3.889,5.989,5.53,5.801,7.709,6.441,5.805,9.314,4.149,8.244,5.345,8.244,4.373,6.939,6.073,6.361,6.673,10.123,6.882,6.32,3.991
2.455,3.025,3.815,3.105,2.2,5.844,3.629,5.125,4.269,3.3
3.952,3.122,2.998,3.997,4.076,3.985,2.138,3.894,2.722,2.663
4.307,4.256,3.276,3.947,3.494,3.617,3.801,3.864,4.613,2.917,3.723,4.688,3.521,2.633
3.257,6.203,3.92,2.403,2.447,2.108,2.424
7.156,7.369,5.97,4.677,7.828,3.492,6.316,8.035,6.476,6.123,6.908,6.638,6.765,4.415,8.0,4.792,4.984,7.691,4.309,7.297,5.906,4.436,4.855,6.114,8.551,3.768,4.418,6.884,5.35,12.42
2.595,3.676,3.69,4.016,2.255,4.54,2.684,2.674,2.307,2.917,2.922
3.05,2.098,2.867,3.301,3.65,4.251,3.14,2.441,3.691
5.186,5.196,3.752,4.592,3.82,4.164,4.143,3.348,3.338,5.969,4.864,2.977,3.647,3.376,4.233,4.624,3.066
2.885,4.102,3.659,3.146,3.127,2.447
3.437,5.946,2.348,6.883,3.003,3.588,2.146,2.815,3.202,2.624,3.535,5.156
3.702,4.101,3.756,4.488,3.196,4.665,3.613,3.852,3.17,3.517,4.861,2.835,3.537,4.12,3.144
3.599,4.831,8.192,3.943,2.565,3.57,3.927,2.878,2.108,5.625,3.573,4.577,3.349,3.911,6.816,2.411
3.582,6.221,4.742,5.332,2.772,5.339,5.215,3.909,3.622,3.312,6.081,3.578,3.531,4.821,4.357,5.313,4.401
3.129,3.699,2.92,3.046,3.773,4.67,4.596,2.951,2.987
4.224,6.369,4.122,4.456,6.531,5.514,3.43,5.007,4.63,6.305,4.162,4.188,5.38,5.035,4.139,6.389,4.579,4.776,7.162,5.952,5.52
5.247,3.74,2.368,3.562,3.825,2.279,3.876
2.883,3.697,3.638,3.849,3.876,4.085,5.301,3.593,2.251
3.188,2.736,3.509,4.511,2.94,3.092,3.699,3.787,2.153,4.545,4.054
3.133,3.17,2.868,4.573,2.516,3.279,3.388,4.709,3.265,3.9
3.721,4.695,2.413,2.621,2.553,4.228,2.199
4.877,4.68,3.318,4.972,3.02,4.538,4.871,4.552,3.217,5.512,4.751,4.873,2.538,3.531,4.912,2.983
3.107,2.873,3.553,2.626,3.157,1.829,3.785,2.418,3.614
3.495,2.584,4.286,4.195,4.938,5.472,4.403,4.043,6.043,5.249,4.004,3.459,3.897,2.305,3.869,3.509,2.92
3.853,5.193,4.087,4.512,2.047,5.439,3.198,3.944,2.764,3.57,2.141,4.784,4.806
3.179,3.983,3.14,2.416,3.305,2.194
2.161,2.451,3.173,5.369,2.546,3.377,3.812,3.664,4.141
2.99,3.119,2.731,2.734,3.472,2.944
2.352,3.084,3.579,3.21,3.498,3.098,3.422
2.466,3.608,3.213,4.363,2.665,3.03,4.736
3.936,4.833,2.265,3.397,4.644,3.202,4.114,3.063,3.657,3.325
3.446,2.891,2.174,3.431,3.008
2.002,2.815,3.844,2.404,2.526,2.875,4.317
4.093,3.282,4.089,3.429,4.664,5.847,4.145,4.157,2.861,3.424,4.008,5.104,5.415,3.29,3.236,3.247,3.047
4.102,3.861,2.803,2.942,3.255,2.768,4.75,3.709,3.436
3.929,3.305,4.661,6.307,3.641,5.8,4.59,4.246,4.222,3.74,5.367,2.971,3.194,4.345,3.551,5.179,5.061
2.429,2.658,4.266,3.01,2.879,3.034,4.189,3.214,2.522,3.118
2.449
4.133,3.936,4.95,6.724,3.499,7.236,4.206,4.405,3.935,4.517,2.647,5.139,3.027,3.445,3.393,4.805,4.315
5.198,2.932,3.841,2.859,3.186,3.328,2.743,3.004,2.966,4.064
4.995,3.664,4.867,4.518,2.808,3.196,2.587,3.08,3.776,3.525,2.564,4.623,3.182,2.499,4.557,7.347,5.162,5.676
2.959,7.245,4.706,3.864,4.823,6.56,5.054,3.708,3.92,4.12,4.29,4.114,6.194,9.261,4.862,4.219,4.677,4.819,7.549,4.344
3.096,3.474,3.138,4.285,2.594,3.059,4.631,3.966,3.71,4.201,3.949,3.985
3.612,4.196,2.684,4.087,3.625,3.775,4.162,3.799,3.553
3.435,5.02,4.521,3.824,3.924,5.775,3.766,7.004,4.082,2.916,3.665,4.464,3.698,5.573,6.216,2.796,3.04,4.589,6.212,4.825
2.952,2.18,2.484,2.57
3.084,4.196,4.159,2.985,3.236,2.173,2.664,5.475
4.568,4.083,4.57,4.093,4.131,3.04,4.15,3.972,4.919,6.207,3.285,3.984,3.654,3.413,3.932,4.141
3.232,4.784,4.319,7.624,6.119,5.409,2.84,4.712,6.123,3.525,6.309,5.449,6.874,5.906,5.999,4.051,5.674,3.42,3.764,4.819,6.509,5.731,4.582
3.444,2.614
3.615,2.421,3.186,2.148,5.753,3.09,3.12,3.258
4.926,4.85,5.194,4.631,3.28,5.068,3.562,4.622,2.615,4.231,3.568,4.792,4.112,3.767,3.502,3.381,4.86
3.113,4.458,4.324,3.506,3.098,2.637,3.306,4.326,3.431
4.07,5.004,6.334,4.546,6.611,3.227,2.883,4.31,3.516,3.906,4.816,2.658,5.172,4.724,4.692,2.901,4.732,4.325,5.146,5.96,4.031,4.856
3.354,3.948,1.987,2.087,4.531,3.378,4.045,3.744,2.654
4.095,3.595,3.539,3.707,5.757,2.501,5.496,4.301,2.701,3.227,3.57,4.243,4.835,2.936
5.482,3.678,4.783,1.999,3.688,3.846,3.952,3.675,3.61,4.548,3.852,5.153,4.547
3.494,4.204,3.74,4.316,3.098,3.007,5.918
3.617,3.431,2.343,3.793,2.771,6.37,3.776,3.907,4.352,3.145,3.888,3.187
4.236,2.383,4.365,2.92,2.233,3.021,4.233
1.957,3.085,3.84,2.989,3.421,5.498,2.898,3.02,2.604
2.94,3.282,3.308,2.608,3.585,3.006,3.427,2.697,2.874,3.496,2.314,3.649
3.936,3.337,2.966,3.416,2.762,3.901,2.974,2.936
6.105,2.475,3.859,3.756,5.494,3.734,2.638,2.13,3.785
3.989,3.052,2.445,3.673,2.708,4.159,3.031,3.251,2.752,5.93
2.975,2.823,4.854,4.875,3.609,6.043,3.514,3.456,3.678,4.307,3.077,3.403,3.689,5.405,3.896,4.08
2.637,3.933,3.641,3.512,3.156,3.266,4.496,3.894,4.397,2.057
2.749,3.041,3.095
2.914,3.78,4.569,4.765,2.651,2.714
3.229,3.332,3.401,3.735
2.442,3.261,2.258,2.673,2.135,3.696,3.684
3.312,2.285,3.279,5.043,3.813,5.039,3.584,5.326,3.899,4.431,3.677,2.655,3.797,4.144,3.533
3.668,3.379,4.499,3.876,4.429,3.016,8.935,4.122,4.054,3.821,3.346,4.908,3.451,4.317,4.596,8.797,3.46,3.646,6.643
4.094,2.838,2.777,4.034,2.846,3.209,4.092,4.169,2.78
8.652,3.747,5.466,7.045,4.021,3.307,3.509,4.22,4.5,4.889,3.744,3.791,4.773,4.906,3.242,4.173,3.655,5.595
2.667,3.294
1.972,4.643,4.345,4.839,3.39,3.536,4.136,4.64,2.491,4.697,3.768
2.759,3.611,3.89,4.938,3.059,2.302,2.553,3.096
4.754,6.143,3.783,5.341,3.334,5.795,3.855,4.757,6.629,4.639,3.982,6.907,4.755,4.086,5.987,3.163,2.769,4.194
2.041,4.386,3.767,3.009,5.247,3.207,2.748,3.722,4.25,3.548
3.498,3.861,2.689,4.14,4.397,3.401,3.565,2.582,6.16,3.01,2.385,3.533
3.738,3.136,4.487,2.507,4.034,4.402,3.666,3.302,3.537,3.958,3.455
3.921,2.629,3.392,3.526,4.156,6.969,3.428,5.541,2.335,4.035,3.32,3.228,2.574,2.927
2.567,2.829,4.12,3.336,3.359,4.127
2.605,2.766,2.795,3.481,3.022,2.88,4.365,3.066,3.768
6.281,3.512,3.391,4.46,5.48,5.055,3.729,4.432,5.839,3.041,4.932,6.038,4.773,3.311,5.709,5.642,4.368,5.012,4.892,4.854,4.034
3.454,3.212,2.783
5.456,4.413,3.767,4.815,3.861,4.383,4.28,4.801,5.895,6.383,4.834,3.421,3.989,4.174,3.949,6.517,3.833,3.119,3.54,6.085,4.713,4.999
3.8,4.511,3.317,2.619,3.308,3.778,1.878,3.17,2.663
3.449,3.246,3.438,4.615,3.034,2.69,2.311
2.717,2.751,4.395,4.056,4.43,4.801,2.056,3.246,3.19,5.234,3.666,3.894,3.385,3.269,5.615
2.39,3.444,4.453,4.542,3.352,3.95,3.427,5.128,3.734,4.395,5.456,4.588,3.49,4.108
2.868,2.974,4.032,3.138,2.992,3.717,3.383,3.482
4.067,6.188,7.64,3.599,6.691,6.115,8.164,4.663,5.594,4.129,6.004,7.729,5.565,4.358,6.777,7.548,3.546,2.659,5.38,4.931,8.989,7.077,4.621,5.462,5.36,9.247,5.788
3.754,3.792,2.378,2.958,2.81,3.86
3.675,3.751,4.294,3.464,5.885,4.574,3.686,4.566,1.714,6.628,4.584,4.598,5.123,2.111,2.659,5.389
4.643,3.498,3.811,2.914,3.475,3.147,3.629,4.099,4.415,2.997,3.912,2.912,2.741,4.183,2.752,2.98
3.576,3.002,2.039,2.136,2.277
6.482,3.803,4.201,4.043,3.387,2.911,3.151,2.961,4.26,3.977,3.686,4.134,3.295,3.573,4.593
2.279,3.954,4.077,2.732,2.307,3.794,2.759,3.854
3.09,3.518,2.925,3.043,4.514,5.319,2.937,2.495,3.651,3.221
4.096,1.799,3.677,3.012,2.372,3.131,2.089,2.968,3.032,3.519,3.013
2.377,3.342,5.214,5.259,5.074,5.328,4.731,7.619,2.718,4.183,4.909,3.749,4.075,2.712,4.556,6.467,3.038,2.873
5.373,7.292,5.825,5.804,5.403,7.404,6.684,5.064,5.077,4.758,3.46,4.586,7.412,5.506,4.348,6.495,4.921,7.998,5.574,3.435,3.55,4.867,5.925,6.28,7.734,3.661
4.542,6.289,5.299,6.994,4.625,5.407,3.965,4.282,3.099,4.691,3.268,3.88,4.459,4.721,4.314,3.705,4.606,3.483,4.686
4.246,3.303,3.517,3.504,4.672,3.584,2.912,3.938,5.83,4.091
3.371,3.158,3.131,4.913,4.24,5.363,2.88,3.769,4.222,3.135,4.552,3.777,3.298,3.186,3.703
3.222,2.679,4.941,5.936,4.564,2.332,3.716,5.37,4.236,4.076
2.973,3.061,3.683,3.055,3.772,5.07,2.238
3.73,3.346,3.179,2.858,4.327,3.826,2.551,3.208,5.119,3.445
5.729,5.763,4.587,4.953,8.039,6.098,3.485,4.901,6.665,4.237,5.385,4.633,2.84,4.557,4.259,5.716,4.629,3.839,4.84,3.966,4.84,4.116,4.895
3.722,3.638,4.196,3.904,3.962,3.402,3.363,3.701,4.782,4.501,3.373,4.133,3.712,3.367,4.434,3.739
2.587,4.924,4.291,2.603,2.217,3.479,3.573
3.727,1.986,4.623,3.338,2.794,2.028,3.993,3.908
3.383,3.583,4.221,2.959,4.868,4.116,3.496,6.096,5.809,5.215,3.552,4.967,5.239,4.949,4.182,5.427,2.98
2.247,3.492,2.275,2.595,3.881
4.393,5.408,3.593,5.111,2.56,3.989,2.966,2.861,3.876,3.186,2.626
5.931,4.421,4.323,4.608,5.257,4.204,3.448,3.483,4.864,6.637,4.521,4.347,4.172,4.844,7.101,2.867,4.757,5.022,3.595
3.121,2.841
3.853,3.047,4.499,3.484,3.994,4.468,4.076,5.009,5.187,4.955,6.545,5.849,3.968,3.364,5.993,4.125,5.535,3.817
2.949,3.489,2.729,2.829,3.985
3.117,4.67,2.767,4.423,3.516,4.427,3.525,5.067,4.194,4.061,3.462
3.242,3.368,2.935,3.166,2.243,2.171,4.321
2.629,3.67,3.113,2.864,3.26,5.192
3.221,3.296,4.241,3.8,3.714,2.326,3.482,2.448
4.123,3.195,2.106,5.085,2.79,2.404,3.074
2.843,2.668,3.079
2.413,3.824,4.599,2.812,4.19,3.152,4.908
3.715,4.538,5.049,2.03,3.624,5.159,3.122,2.748
4.737,2.928,2.505,2.602,2.113,2.441,4.037,3.485,2.61,4.034
4.496,3.507,2.953,3.519,6.447,4.491,2.958,2.989,4.509,3.537,1.962,3.404
2.688,4.186,2.849,3.259,4.14,4.432
3.137,2.855,4.091,2.144,2.135,3.301,2.073
4.063,7.247,4.891,5.58,3.392,4.668,5.998,4.819,5.279,6.227,6.038,4.625,4.728,4.892,5.432,4.79,3.266,4.43,5.791,7.144,6.839,3.625,3.555,5.212
5.587,5.671,5.185,5.369,4.759,5.035,3.268,6.229,4.756,4.135,4.532,4.999,5.378,2.993,7.28,4.878,7.179,4.042,4.318,4.718,4.68,5.925,6.873
3.046,4.631,2.671,2.449,2.629
4.824,4.193,2.955,4.581,2.852,4.138,2.757,3.066,5.176,3.549,4.841,2.921
5.311,3.053,3.911,3.663,5.366,4.463,4.158,4.338,7.166,4.696,5.171,4.504,3.26,4.449,4.464,7.788,3.626,3.852,4.792,6.244
3.574,4.462,6.677,4.478,4.201,4.987,3.139,3.888,4.891,3.38,4.714,4.471,4.986,4.725,4.293,4.718,3.876,4.279,3.574
7.574,4.538,7.563,5.616,6.648,6.612,4.765,5.286,5.699,9.246,7.607,5.199,4.983,5.669,6.708,3.328,7.125,2.909,4.28,4.785,6.45,7.801,7.69,3.739,7.908,5.427,3.261,6.537
3.797,3.281,3.051,2.192,3.102,3.219,3.208,3.158,3.926,3.659,2.635,2.54,3.519
2.466,3.11,4.004,2.711,3.054,3.072
3.384,3.254,2.888,4.119,2.753,3.724,2.08
5.569,6.047,3.515,4.405,3.979,3.039,3.508,3.262,6.423,2.369,4.466,3.475,3.452,5.574
4.234,3.899,2.709,4.247,3.697,3.286,3.472,5.527,3.056,2.845,4.031,3.351,2.451,4.625
3.226,4.934,3.658,5.049,2.741,4.661,4.363,4.319,2.977,5.222,2.587,3.291,4.09,4.458
4.031,4.486,3.981,4.511,5.192,4.012,4.021,3.516,4.075,4.06,3.837,3.681,3.677,2.235,3.264,3.725,2.283,4.558
5.327,4.948,3.121,3.498,5.219,4.019,3.337,3.223,4.012,4.345,3.867,4.861,5.801,2.859,3.801,4.288,3.168
4.798,4.728,3.905,3.714,2.015,4.262,3.536,2.834,3.606,3.912,3.751,2.601,4.185
4.079,2.659
5.392,2.851,6.299,5.355,7.978,5.383,6.778,3.192,3.473,4.837,3.911,4.685,3.944,3.549,3.832,4.289,3.757,4.031,4.58,4.201,3.541
3.9,3.311,5.498,2.559,3.885,5.726,5.422,4.494,4.0,3.663,4.474,4.794,3.389,4.044,3.253
2.82,2.443,2.66,2.721,3.534,3.157,3.201
5.153,3.801,3.789,5.191,3.298,3.573,2.524,3.756,5.192,5.401,5.626,4.176,3.741,3.108,5.366,4.713,3.284,3.608,4.862
2.155,3.715,3.283,2.474,3.655
0.0
5.122,5.709,4.209,5.295,2.662,3.874,7.056,3.432,8.769,5.394,4.738,4.234,4.715,4.021,3.589,5.12,7.092,4.976,3.277,5.722,5.204,4.957
3.512,3.881,5.202,3.045,3.019,3.352,4.671,3.623
3.02,2.31,2.434,3.584,2.646
2.978,3.176,3.005,3.934,4.298,2.15,3.271
3.091,3.241,4.035,3.905,2.701,2.993
4.623,4.174,4.519,3.788,2.982,2.969,4.102,4.432,4.879,3.794,2.777,7.523,3.684,5.848,3.662,4.264,3.907,4.691
5.511,5.251,7.085,7.815,5.673,5.907,8.025,7.134,5.139,3.185,3.344,5.007,4.382,5.663,6.915,3.927,4.213,4.742,5.067,5.604,4.597,6.469,6.365,4.147,6.316,5.771
0.0
4.095,5.12,4.146,3.319,3.31,5.52,4.735,5.574,4.555,3.544,6.932,7.715,5.283,5.309,5.754,3.372,4.401,4.682,4.703,3.459,3.134
3.394,3.259,3.663,2.427,2.707,2.46,2.614
3.264,2.638,2.98,4.718,2.219,2.457,4.22,5.123,3.849,3.661,2.685
3.432,4.213,6.283,4.04,2.841,3.059,3.918,3.224,3.356,4.678
3.252,2.998,3.568,3.236,3.263
3.127,3.157,4.527,1.81,2.803,3.49,4.795,3.891,3.317,3.015
2.796,2.722,3.679,3.017,2.943,3.839,2.596,3.737
3.976,2.667,3.811,2.002,3.586,3.192,3.072
2.434,3.135,5.927,2.958,3.329
4.003,2.802,3.846,5.77,4.679,1.914,4.414,4.087,4.428,3.449,2.543,4.102,3.102
3.251,2.081,3.411,3.219,2.069,3.815,3.979,3.862,3.303
3.855,3.856,4.366,5.502,3.363,2.17,3.553,4.18,3.086,2.693,2.553
4.247,3.064,4.898,3.891,3.222,5.792,3.62,4.778,3.704,4.309,6.129,3.738,4.222,5.242,3.975,4.295,5.547,7.916
3.2,3.251,2.626
2.537,2.902,4.475,3.591,5.522,3.04,3.563,4.582,3.213,3.376
3.476,3.006,3.965,3.426,3.505,4.006,2.77,4.667,4.068,4.931,4.148,4.491,5.404
2.591,4.029
2.944,2.998,3.627,3.289,4.18,3.024,2.437,3.361,4.324
2.625,2.396,2.117,2.911,2.157,3.005
3.33,3.877,3.614,4.094,2.52,3.45,4.056,3.477,2.997,3.025,2.85
4.007,3.875,3.554,5.915,4.244,3.922,3.491,5.16,6.072,3.488,3.548,3.71,5.884,3.857,3.245
